<?xml version="1.0" encoding="UTF-8"?>
<assembly>
    <id>release</id>
    <formats>
        <format>zip</format>
    </formats>
    <files>
        <file>
            <source>target/${finalName}</source>
            <outputDirectory>/</outputDirectory>
        </file>
    </files>

    <fileSets>
        <fileSet>
            <directory>src/main/resources</directory>
            <outputDirectory>resources</outputDirectory>
        </fileSet>

        <!-- LWJGL natives -->
        <fileSet>
            <directory>${natives}</directory>
            <outputDirectory>${release.natives}</outputDirectory>
            <includes>
                <include>*.dll</include>
                <include>*.so</include>
                <include>*.jnilib</include>
            </includes>
        </fileSet>

        <fileSet>
            <directory>src/main/scripts</directory>
            <outputDirectory></outputDirectory>
            <includes>
                <include>*.sh</include>
                <include>*.bat</include>
            </includes>
            <filtered>true</filtered>
            <fileMode>0755</fileMode>
        </fileSet>
        <fileSet>
            <directory>src/main/resources/Objects</directory>
            <outputDirectory>resources/</outputDirectory>
            <includes>
                <include>*.obj</include>
                <include>*.std</include>
            </includes>
            <filtered>true</filtered>
            
        </fileSet>
    </fileSets>

    <dependencySets>
        <dependencySet>
            <useProjectArtifact>false</useProjectArtifact>
            <outputDirectory>lib</outputDirectory>
            <scope>runtime</scope>
            <excludes>
                <exclude>*:natives-*</exclude>
            </excludes>
        </dependencySet>
    </dependencySets>
</assembly>